Geo_GEOID,Pop_Poverty
14000US36005000100,0
14000US36005000200,890
14000US36005000400,243
14000US36005001600,1038
14000US36005001901,486
14000US36005001902,267
14000US36005001903,0
14000US36005001904,0
14000US36005002001,2563
14000US36005002002,1250
14000US36005002300,1792
14000US36005002400,0
14000US36005002500,2307
14000US36005002701,1697
14000US36005002702,2267
14000US36005002800,295
14000US36005003100,339
14000US36005003300,1431
14000US36005003500,1383
14000US36005003700,57
14000US36005003800,236
14000US36005003900,2704
14000US36005004001,219
14000US36005004100,2784
14000US36005004200,1898
14000US36005004300,2052
14000US36005004400,2317
14000US36005004600,708
14000US36005004800,1241
14000US36005005001,1981
14000US36005005002,2352
14000US36005005100,3156
14000US36005005200,705
14000US36005005300,2984
14000US36005005400,1795
14000US36005005600,723
14000US36005005902,823
14000US36005006000,333
14000US36005006100,369
14000US36005006200,2042
14000US36005006301,1332
14000US36005006302,0
14000US36005006400,1066
14000US36005006500,2605
14000US36005006700,2933
14000US36005006800,857
14000US36005006900,2763
14000US36005007000,757
14000US36005007100,630
14000US36005007200,1573
14000US36005007300,2003
14000US36005007400,1099
14000US36005007500,2076
14000US36005007600,1205
14000US36005007700,504
14000US36005007800,953
14000US36005007900,2812
14000US36005008300,1717
14000US36005008400,317
14000US36005008500,1614
14000US36005008600,1587
14000US36005008700,2664
14000US36005008900,587
14000US36005009000,1180
14000US36005009200,1447
14000US36005009301,2049
14000US36005009302,0
14000US36005009600,439
14000US36005009800,737
14000US36005011000,0
14000US36005011502,1904
14000US36005011701,506
14000US36005011702,0
14000US36005011800,405
14000US36005011900,1585
14000US36005012101,797
14000US36005012102,537
14000US36005012300,703
14000US36005012500,1262
14000US36005012701,470
14000US36005012901,1532
14000US36005013000,244
14000US36005013100,1975
14000US36005013200,502
14000US36005013300,1304
14000US36005013500,1231
14000US36005013800,317
14000US36005014100,2115
14000US36005014300,541
14000US36005014400,1942
14000US36005014500,2676
14000US36005014701,2689
14000US36005014702,2173
14000US36005014900,1920
14000US36005015100,1712
14000US36005015200,432
14000US36005015300,1342
14000US36005015500,807
14000US36005015700,1682
14000US36005015800,228
14000US36005015900,847
14000US36005016000,513
14000US36005016100,1882
14000US36005016200,183
14000US36005016300,0
14000US36005016400,175
14000US36005016500,252
14000US36005016600,203
14000US36005016700,1346
14000US36005016900,627
14000US36005017100,0
14000US36005017300,2445
14000US36005017500,2257
14000US36005017701,2226
14000US36005017702,1512
14000US36005017901,1485
14000US36005017902,1366
14000US36005018101,1225
14000US36005018102,1895
14000US36005018301,725
14000US36005018302,483
14000US36005018400,352
14000US36005018501,594
14000US36005018502,2957
14000US36005018900,3004
14000US36005019300,2059
14000US36005019400,346
14000US36005019500,2105
14000US36005019700,3594
14000US36005019900,2926
14000US36005020000,1055
14000US36005020100,1352
14000US36005020200,530
14000US36005020400,561
14000US36005020501,3258
14000US36005020502,612
14000US36005020601,629
14000US36005020900,1117
14000US36005021001,1455
14000US36005021002,1486
14000US36005021100,1904
14000US36005021200,852
14000US36005021301,275
14000US36005021302,2720
14000US36005021501,1081
14000US36005021502,2159
14000US36005021601,1159
14000US36005021602,979
14000US36005021700,1392
14000US36005021800,1881
14000US36005021900,282
14000US36005022000,821
14000US36005022101,1245
14000US36005022102,1901
14000US36005022200,742
14000US36005022300,1896
14000US36005022401,356
14000US36005022403,464
14000US36005022404,671
14000US36005022500,1958
14000US36005022701,1639
14000US36005022702,522
14000US36005022703,688
14000US36005022800,1014
14000US36005022901,1696
14000US36005022902,1194
14000US36005023000,696
14000US36005023100,520
14000US36005023200,464
14000US36005023301,1038
14000US36005023302,1257
14000US36005023501,1538
14000US36005023502,1197
14000US36005023600,319
14000US36005023702,448
14000US36005023703,2477
14000US36005023704,1931
14000US36005023800,285
14000US36005023900,2197
14000US36005024000,1207
14000US36005024100,2158
14000US36005024300,1915
14000US36005024400,135
14000US36005024501,2084
14000US36005024502,947
14000US36005024600,347
14000US36005024700,293
14000US36005024800,245
14000US36005024900,0
14000US36005025000,199
14000US36005025100,2159
14000US36005025200,292
14000US36005025300,1893
14000US36005025400,252
14000US36005025500,1960
14000US36005025600,149
14000US36005025700,243
14000US36005026100,289
14000US36005026300,1338
14000US36005026400,450
14000US36005026500,1369
14000US36005026601,211
14000US36005026602,940
14000US36005026701,897
14000US36005026702,2893
14000US36005026900,920
14000US36005027300,2053
14000US36005027401,217
14000US36005027402,275
14000US36005027600,183
14000US36005027700,1368
14000US36005027900,777
14000US36005028100,233
14000US36005028300,847
14000US36005028400,94
14000US36005028500,531
14000US36005028600,88
14000US36005028700,139
14000US36005028800,539
14000US36005028900,1296
14000US36005029301,33
14000US36005029302,418
14000US36005029500,512
14000US36005029600,166
14000US36005029700,152
14000US36005030000,680
14000US36005030100,73
14000US36005030201,459
14000US36005030202,313
14000US36005030701,130
14000US36005030900,171
14000US36005031000,283
14000US36005031200,42
14000US36005031400,25
14000US36005031600,245
14000US36005031800,129
14000US36005031900,42
14000US36005032300,268
14000US36005032400,1464
14000US36005032600,556
14000US36005032800,1065
14000US36005033000,1174
14000US36005033201,1652
14000US36005033202,615
14000US36005033400,3
14000US36005033500,159
14000US36005033601,1466
14000US36005033602,602
14000US36005033700,111
14000US36005033801,185
14000US36005033802,439
14000US36005034000,655
14000US36005034200,165
14000US36005034300,31
14000US36005034400,520
14000US36005034500,349
14000US36005034800,1475
14000US36005035000,188
14000US36005035100,361
14000US36005035600,222
14000US36005035800,938
14000US36005035900,865
14000US36005036000,225
14000US36005036100,2873
14000US36005036300,3135
14000US36005036400,239
14000US36005036501,1068
14000US36005036502,915
14000US36005036700,665
14000US36005036800,486
14000US36005036901,990
14000US36005036902,1175
14000US36005037000,233
14000US36005037100,1231
14000US36005037200,373
14000US36005037300,2800
14000US36005037400,1255
14000US36005037504,1184
14000US36005037600,406
14000US36005037800,819
14000US36005037900,2209
14000US36005038000,1914
14000US36005038100,2538
14000US36005038200,789
14000US36005038301,1276
14000US36005038303,1240
14000US36005038304,1560
14000US36005038500,2117
14000US36005038600,1555
14000US36005038700,1240
14000US36005038800,536
14000US36005038900,2191
14000US36005039000,310
14000US36005039100,2433
14000US36005039200,192
14000US36005039300,3046
14000US36005039400,980
14000US36005039500,1631
14000US36005039600,727
14000US36005039700,257
14000US36005039800,728
14000US36005039901,2037
14000US36005039902,1733
14000US36005040100,1567
14000US36005040302,1761
14000US36005040303,1010
14000US36005040304,1280
14000US36005040400,390
14000US36005040501,1135
14000US36005040502,2010
14000US36005040600,672
14000US36005040701,973
14000US36005040702,1665
14000US36005040800,866
14000US36005040900,344
14000US36005041100,991
14000US36005041300,2160
14000US36005041400,486
14000US36005041500,1799
14000US36005041800,326
14000US36005041900,1594
14000US36005042000,1331
14000US36005042100,1426
14000US36005042200,127
14000US36005042300,1077
14000US36005042400,233
14000US36005042500,1464
14000US36005042600,583
14000US36005042800,161
14000US36005042901,1159
14000US36005042902,992
14000US36005043000,771
14000US36005043101,1707
14000US36005043102,1547
14000US36005043400,492
14000US36005043501,302
14000US36005043502,0
14000US36005043503,0
14000US36005043600,255
14000US36005044200,1650
14000US36005044400,574
14000US36005044800,288
14000US36005044901,94
14000US36005044902,230
14000US36005045101,31
14000US36005045102,58
14000US36005045600,81
14000US36005045800,2144
14000US36005046000,720
14000US36005046203,523
14000US36005046204,266
14000US36005046205,377
14000US36005046206,251
14000US36005046207,1621
14000US36005046208,432
14000US36005046209,1633
14000US36005048401,111
14000US36005048402,0
14000US36005050400,0
14000US36005051601,270
14000US36005051602,0
,
14000US36047000100,275
14000US36047000200,370
14000US36047000301,281
14000US36047000501,155
14000US36047000502,68
14000US36047000700,196
14000US36047000900,99
14000US36047001100,84
14000US36047001300,392
14000US36047001501,1030
14000US36047001502,957
14000US36047001801,0
14000US36047001802,0
14000US36047001803,0
14000US36047001804,0
14000US36047002000,470
14000US36047002100,267
14000US36047002200,1128
14000US36047002300,2281
14000US36047002901,2041
14000US36047003000,129
14000US36047003101,185
14000US36047003102,0
14000US36047003300,501
14000US36047003400,345
14000US36047003500,212
14000US36047003600,468
14000US36047003700,158
14000US36047003800,122
14000US36047003900,273
14000US36047004100,310
14000US36047004300,314
14000US36047004400,104
14000US36047004500,121
14000US36047004600,87
14000US36047004700,121
14000US36047004900,150
14000US36047005000,54
14000US36047005100,93
14000US36047005201,350
14000US36047005202,415
14000US36047005301,344
14000US36047005302,5
14000US36047005303,0
14000US36047005400,411
14000US36047005601,206
14000US36047005602,60
14000US36047005800,404
14000US36047005900,86
14000US36047006000,143
14000US36047006200,395
14000US36047006300,136
14000US36047006400,485
14000US36047006500,392
14000US36047006600,493
14000US36047006700,174
14000US36047006800,845
14000US36047006901,72
14000US36047006902,212
14000US36047007000,120
14000US36047007100,1192
14000US36047007200,502
14000US36047007400,1853
14000US36047007500,320
14000US36047007600,1484
14000US36047007700,255
14000US36047007800,718
14000US36047008000,565
14000US36047008200,686
14000US36047008400,557
14000US36047008500,3289
14000US36047008600,0
14000US36047008800,213
14000US36047009001,270
14000US36047009002,55
14000US36047009201,489
14000US36047009202,1101
14000US36047009401,643
14000US36047009402,531
14000US36047009600,1283
14000US36047009800,1414
14000US36047010000,1350
14000US36047010100,428
14000US36047010200,592
14000US36047010401,382
14000US36047010402,851
14000US36047010601,662
14000US36047010602,616
14000US36047010801,534
14000US36047010802,694
14000US36047011000,515
14000US36047011200,1834
14000US36047011400,1307
14000US36047011600,937
14000US36047011700,351
14000US36047011800,371
14000US36047011901,180
14000US36047011902,0
14000US36047012000,222
14000US36047012100,145
14000US36047012200,1448
14000US36047012600,492
14000US36047012700,1216
14000US36047012801,751
14000US36047012901,159
14000US36047012902,253
14000US36047013000,484
14000US36047013100,442
14000US36047013200,553
14000US36047013300,146
14000US36047013400,478
14000US36047013500,186
14000US36047013600,546
14000US36047013700,290
14000US36047013800,326
14000US36047013900,160
14000US36047014000,289
14000US36047014101,108
14000US36047014102,204
14000US36047014200,208
14000US36047014300,283
14000US36047014500,456
14000US36047014700,332
14000US36047014800,124
14000US36047014901,133
14000US36047014902,281
14000US36047015000,157
14000US36047015100,111
14000US36047015200,327
14000US36047015300,92
14000US36047015400,10
14000US36047015500,158
14000US36047015700,188
14000US36047015900,420
14000US36047016000,633
14000US36047016100,122
14000US36047016200,160
14000US36047016300,431
14000US36047016400,0
14000US36047016500,320
14000US36047016600,45
14000US36047016700,124
14000US36047016800,135
14000US36047016900,787
14000US36047017000,291
14000US36047017100,170
14000US36047017200,276
14000US36047017400,97
14000US36047017500,0
14000US36047017600,345
14000US36047017700,0
14000US36047017800,350
14000US36047017900,870
14000US36047018000,340
14000US36047018100,172
14000US36047018200,473
14000US36047018300,206
14000US36047018400,169
14000US36047018501,1225
14000US36047018600,262
14000US36047018700,192
14000US36047018800,308
14000US36047019000,583
14000US36047019100,470
14000US36047019200,641
14000US36047019300,865
14000US36047019400,972
14000US36047019500,476
14000US36047019600,1081
14000US36047019700,177
14000US36047019800,272
14000US36047019900,308
14000US36047020000,384
14000US36047020100,225
14000US36047020200,209
14000US36047020300,141
14000US36047020400,119
14000US36047020500,220
14000US36047020600,304
14000US36047020700,164
14000US36047020800,176
14000US36047021000,1156
14000US36047021100,294
14000US36047021200,813
14000US36047021300,859
14000US36047021400,812
14000US36047021500,777
14000US36047021600,1436
14000US36047021700,542
14000US36047021800,684
14000US36047021900,563
14000US36047022000,2456
14000US36047022100,1067
14000US36047022200,1867
14000US36047022400,1262
14000US36047022600,225
14000US36047022700,297
14000US36047022800,1370
14000US36047022900,457
14000US36047023000,1883
14000US36047023100,272
14000US36047023200,2468
14000US36047023300,1780
14000US36047023400,2442
14000US36047023500,2384
14000US36047023600,2690
14000US36047023800,1532
14000US36047024000,2365
14000US36047024100,746
14000US36047024200,485
14000US36047024300,636
14000US36047024400,1080
14000US36047024500,492
14000US36047024600,409
14000US36047024700,864
14000US36047024800,196
14000US36047024900,781
14000US36047025000,253
14000US36047025100,812
14000US36047025200,1000
14000US36047025300,763
14000US36047025400,659
14000US36047025500,2015
14000US36047025600,857
14000US36047025700,447
14000US36047025800,966
14000US36047025901,450
14000US36047025902,1860
14000US36047026000,408
14000US36047026100,1638
14000US36047026200,154
14000US36047026300,462
14000US36047026400,777
14000US36047026500,541
14000US36047026600,389
14000US36047026700,437
14000US36047026800,578
14000US36047026900,645
14000US36047027000,688
14000US36047027100,536
14000US36047027200,672
14000US36047027300,328
14000US36047027400,451
14000US36047027500,858
14000US36047027600,556
14000US36047027700,1074
14000US36047027800,292
14000US36047027900,570
14000US36047028000,270
14000US36047028100,1597
14000US36047028200,493
14000US36047028300,1122
14000US36047028400,553
14000US36047028501,142
14000US36047028502,898
14000US36047028600,1268
14000US36047028700,793
14000US36047028800,534
14000US36047028900,1155
14000US36047029000,1043
14000US36047029100,283
14000US36047029200,424
14000US36047029300,1000
14000US36047029400,495
14000US36047029500,970
14000US36047029600,1367
14000US36047029700,809
14000US36047029800,957
14000US36047029900,589
14000US36047030000,605
14000US36047030100,733
14000US36047030200,639
14000US36047030300,1166
14000US36047030400,816
14000US36047030500,686
14000US36047030600,378
14000US36047030700,3046
14000US36047030800,137
14000US36047030900,405
14000US36047031100,611
14000US36047031300,797
14000US36047031401,294
14000US36047031402,0
14000US36047031500,764
14000US36047031701,288
14000US36047031702,320
14000US36047031900,223
14000US36047032100,678
14000US36047032300,705
14000US36047032500,1139
14000US36047032600,2890
14000US36047032700,368
14000US36047032800,498
14000US36047032900,1748
14000US36047033000,1871
14000US36047033100,850
14000US36047033300,1077
14000US36047033500,422
14000US36047033600,793
14000US36047033701,213
14000US36047033702,271
14000US36047033900,1092
14000US36047034000,603
14000US36047034100,490
14000US36047034200,2230
14000US36047034300,2125
14000US36047034500,544
14000US36047034700,822
14000US36047034800,950
14000US36047034901,407
14000US36047034902,829
14000US36047035000,543
14000US36047035101,660
14000US36047035102,386
14000US36047035200,547
14000US36047035301,883
14000US36047035302,269
14000US36047035400,650
14000US36047035500,707
14000US36047035601,599
14000US36047035602,439
14000US36047035701,639
14000US36047035702,0
14000US36047035900,2077
14000US36047036001,900
14000US36047036002,1515
14000US36047036100,1047
14000US36047036200,898
14000US36047036300,1716
14000US36047036400,480
14000US36047036501,544
14000US36047036502,464
14000US36047036600,1443
14000US36047036700,216
14000US36047036900,1981
14000US36047037000,662
14000US36047037100,707
14000US36047037300,1196
14000US36047037401,695
14000US36047037402,696
14000US36047037500,388
14000US36047037700,900
14000US36047037900,1249
14000US36047038100,1219
14000US36047038200,2333
14000US36047038300,990
14000US36047038500,407
14000US36047038600,375
14000US36047038700,1224
14000US36047038800,677
14000US36047038900,391
14000US36047039000,286
14000US36047039100,748
14000US36047039200,362
14000US36047039300,880
14000US36047039400,592
14000US36047039500,1031
14000US36047039600,294
14000US36047039700,762
14000US36047039800,424
14000US36047039900,926
14000US36047040000,363
14000US36047040100,956
14000US36047040200,571
14000US36047040300,844
14000US36047040400,345
14000US36047040500,180
14000US36047040600,538
14000US36047040700,0
14000US36047040800,182
14000US36047040900,1533
14000US36047041000,337
14000US36047041100,786
14000US36047041200,855
14000US36047041300,625
14000US36047041401,449
14000US36047041402,290
14000US36047041500,738
14000US36047041600,345
14000US36047041700,777
14000US36047041800,611
14000US36047041900,1505
14000US36047042000,399
14000US36047042100,718
14000US36047042200,668
14000US36047042300,511
14000US36047042400,711
14000US36047042500,778
14000US36047042600,826
14000US36047042700,1231
14000US36047042800,358
14000US36047042900,1762
14000US36047043000,547
14000US36047043100,1151
14000US36047043200,466
14000US36047043300,1281
14000US36047043400,1094
14000US36047043500,1219
14000US36047043600,848
14000US36047043700,1249
14000US36047043800,563
14000US36047043900,752
14000US36047044000,529
14000US36047044100,1229
14000US36047044200,422
14000US36047044300,1041
14000US36047044400,878
14000US36047044500,934
14000US36047044600,454
14000US36047044700,874
14000US36047044800,214
14000US36047044901,1187
14000US36047044902,0
14000US36047045000,160
14000US36047045200,201
14000US36047045300,1083
14000US36047045400,184
14000US36047045600,233
14000US36047045800,135
14000US36047046000,562
14000US36047046201,259
14000US36047046202,273
14000US36047046400,954
14000US36047046800,439
14000US36047047000,326
14000US36047047200,790
14000US36047047400,824
14000US36047047600,569
14000US36047047700,363
14000US36047047800,972
14000US36047048000,1196
14000US36047048100,424
14000US36047048200,689
14000US36047048400,1187
14000US36047048500,504
14000US36047048600,688
14000US36047048800,727
14000US36047048900,1524
14000US36047049000,1067
14000US36047049100,2150
14000US36047049200,1139
14000US36047049301,960
14000US36047049302,1810
14000US36047049400,788
14000US36047049500,386
14000US36047049600,791
14000US36047049700,161
14000US36047049800,279
14000US36047049900,149
14000US36047050001,26
14000US36047050002,43
14000US36047050100,314
14000US36047050202,191
14000US36047050300,268
14000US36047050401,404
14000US36047050402,138
14000US36047050500,982
14000US36047050600,1018
14000US36047050700,1424
14000US36047050801,789
14000US36047050803,449
14000US36047050804,634
14000US36047050900,3287
14000US36047051001,904
14000US36047051002,323
14000US36047051100,1126
14000US36047051200,951
14000US36047051300,612
14000US36047051400,1782
14000US36047051500,125
14000US36047051601,836
14000US36047051602,494
14000US36047051700,218
14000US36047051800,193
14000US36047051900,241
14000US36047052000,388
14000US36047052300,1000
14000US36047052500,726
14000US36047052600,446
14000US36047052700,808
14000US36047052800,253
14000US36047052900,1583
14000US36047053000,1123
14000US36047053101,1488
14000US36047053102,3069
14000US36047053200,555
14000US36047053300,3239
14000US36047053400,923
14000US36047053500,1699
14000US36047053700,1513
14000US36047053800,678
14000US36047053900,1335
14000US36047054200,707
14000US36047054300,0
14000US36047054400,506
14000US36047054500,4350
14000US36047054600,1010
14000US36047054700,1861
14000US36047054800,290
14000US36047054900,1146
14000US36047055000,506
14000US36047055100,689
14000US36047055200,381
14000US36047055300,592
14000US36047055400,457
14000US36047055500,641
14000US36047055600,961
14000US36047055700,171
14000US36047055800,389
14000US36047056000,424
14000US36047056100,132
14000US36047056200,19
14000US36047056301,637
14000US36047056302,256
14000US36047056400,191
14000US36047056500,246
14000US36047056600,322
14000US36047056800,248
14000US36047056900,63
14000US36047057000,226
14000US36047057100,420
14000US36047057200,1551
14000US36047057300,224
14000US36047057400,389
14000US36047057500,419
14000US36047057600,313
14000US36047057800,673
14000US36047057901,303
14000US36047057902,0
14000US36047058000,848
14000US36047058200,282
14000US36047058400,356
14000US36047058600,386
14000US36047058800,180
14000US36047058901,90
14000US36047058902,0
14000US36047059000,339
14000US36047059100,269
14000US36047059200,517
14000US36047059300,307
14000US36047059402,330
14000US36047059403,549
14000US36047059404,704
14000US36047059600,270
14000US36047059800,503
14000US36047060000,569
14000US36047060600,316
14000US36047060800,582
14000US36047061002,555
14000US36047061003,554
14000US36047061004,1042
14000US36047061200,23
14000US36047061600,90
14000US36047062000,108
14000US36047062200,321
14000US36047062600,269
14000US36047062800,348
14000US36047063200,109
14000US36047063600,140
14000US36047063800,104
14000US36047064000,43
14000US36047064200,279
14000US36047064400,423
14000US36047064600,131
14000US36047064800,92
14000US36047065000,163
14000US36047065200,12
14000US36047065400,61
14000US36047065600,70
14000US36047065800,61
14000US36047066000,75
14000US36047066200,102
14000US36047066600,0
14000US36047067000,270
14000US36047067200,54
14000US36047067400,106
14000US36047067600,257
14000US36047067800,240
14000US36047068000,24
14000US36047068200,162
14000US36047068600,79
14000US36047068800,91
14000US36047069000,87
14000US36047069200,26
14000US36047069601,198
14000US36047069602,404
14000US36047069800,11
14000US36047070000,64
14000US36047070201,98
14000US36047070202,0
14000US36047070203,0
14000US36047070601,115
14000US36047070602,0
14000US36047072000,330
14000US36047072200,375
14000US36047072400,112
14000US36047072600,71
14000US36047072800,288
14000US36047073000,28
14000US36047073200,345
14000US36047073400,14
14000US36047073600,450
14000US36047073800,314
14000US36047074000,202
14000US36047074200,345
14000US36047074400,170
14000US36047074600,159
14000US36047074800,374
14000US36047075000,183
14000US36047075200,15
14000US36047075400,107
14000US36047075600,86
14000US36047075800,73
14000US36047076000,505
14000US36047076200,1010
14000US36047076400,833
14000US36047076600,174
14000US36047076800,604
14000US36047077000,451
14000US36047077200,358
14000US36047077400,300
14000US36047077600,287
14000US36047078000,71
14000US36047078200,649
14000US36047078400,298
14000US36047078601,453
14000US36047078602,358
14000US36047078801,379
14000US36047078802,367
14000US36047079001,170
14000US36047079002,840
14000US36047079201,189
14000US36047079202,497
14000US36047079400,305
14000US36047079601,448
14000US36047079602,977
14000US36047079801,159
14000US36047079802,556
14000US36047080000,336
14000US36047080200,417
14000US36047080400,437
14000US36047080600,499
14000US36047080800,716
14000US36047081000,407
14000US36047081400,292
14000US36047081600,329
14000US36047081800,427
14000US36047082000,1081
14000US36047082200,922
14000US36047082400,556
14000US36047082600,448
14000US36047082800,276
14000US36047083000,810
14000US36047083200,170
14000US36047083400,228
14000US36047083600,295
14000US36047083800,136
14000US36047084000,157
14000US36047084600,31
14000US36047084800,134
14000US36047085000,146
14000US36047085200,0
14000US36047085400,363
14000US36047085600,685
14000US36047085800,128
14000US36047086000,173
14000US36047086200,427
14000US36047086400,250
14000US36047086600,354
14000US36047086800,538
14000US36047087000,748
14000US36047087200,605
14000US36047087401,941
14000US36047087600,397
14000US36047087800,490
14000US36047088001,218
14000US36047088002,60
14000US36047088200,448
14000US36047088400,1493
14000US36047088600,956
14000US36047088800,772
14000US36047089000,695
14000US36047089200,1677
14000US36047089400,1345
14000US36047089600,1003
14000US36047089800,372
14000US36047090000,1452
14000US36047090200,1172
14000US36047090600,1386
14000US36047090800,3425
14000US36047091000,1961
14000US36047091200,2220
14000US36047091600,1221
14000US36047091800,584
14000US36047092000,555
14000US36047092200,264
14000US36047092400,702
14000US36047092800,319
14000US36047093000,357
14000US36047093200,172
14000US36047093400,239
14000US36047093600,105
14000US36047093800,211
14000US36047094401,450
14000US36047094402,1242
14000US36047094600,107
14000US36047095000,123
14000US36047095400,340
14000US36047095600,401
14000US36047095800,398
14000US36047096000,0
14000US36047096200,59
14000US36047096400,227
14000US36047096600,344
14000US36047096800,172
14000US36047097000,356
14000US36047097400,447
14000US36047098200,1854
14000US36047098400,43
14000US36047098600,248
14000US36047098800,288
14000US36047099000,228
14000US36047099200,222
14000US36047099400,126
14000US36047099600,130
14000US36047099800,161
14000US36047100400,175
14000US36047100600,273
14000US36047100800,168
14000US36047101000,514
14000US36047101200,298
14000US36047101400,178
14000US36047101600,30
14000US36047101800,117
14000US36047102000,75
14000US36047102200,115
14000US36047102400,297
14000US36047102600,106
14000US36047102801,62
14000US36047102802,0
14000US36047103401,1458
14000US36047103402,0
14000US36047105801,2223
14000US36047105804,1540
14000US36047107001,623
14000US36047107002,0
14000US36047107003,0
14000US36047107800,529
14000US36047109800,583
14000US36047110400,953
14000US36047110600,1738
14000US36047111000,983
14000US36047111600,684
14000US36047111800,913
14000US36047112000,857
14000US36047112200,1050
14000US36047112400,682
14000US36047112600,903
14000US36047112800,1303
14000US36047113000,732
14000US36047113200,194
14000US36047113400,1064
14000US36047114201,377
14000US36047114202,736
14000US36047114400,905
14000US36047114600,527
14000US36047115000,535
14000US36047115200,563
14000US36047115600,1743
14000US36047115800,661
14000US36047116000,574
14000US36047116200,736
14000US36047116400,491
14000US36047116600,360
14000US36047116800,396
14000US36047117000,902
14000US36047117201,532
14000US36047117202,345
14000US36047117400,782
14000US36047117601,428
14000US36047117602,443
14000US36047117800,375
14000US36047118000,0
14000US36047118201,483
14000US36047118202,729
14000US36047118400,854
14000US36047118600,217
14000US36047118800,1018
14000US36047119000,785
14000US36047119200,676
14000US36047119400,2077
14000US36047119600,1233
14000US36047119800,1037
14000US36047120000,818
14000US36047120200,621
14000US36047120801,931
14000US36047120802,1210
14000US36047120803,307
14000US36047121000,2538
14000US36047121400,2073
14000US36047122000,1338
14000US36047123700,3798
14000US36047150200,108
14000US36047152200,65
14000US36047990100,0
14000US36061000100,0
14000US36061000201,1358
14000US36061000202,2033
14000US36061000500,0
14000US36061000600,3974
14000US36061000700,599
14000US36061000800,2542
14000US36061000900,147
14000US36061001001,21
14000US36061001002,2066
14000US36061001200,1043
14000US36061001300,212
14000US36061001401,232
14000US36061001402,672
14000US36061001501,673
14000US36061001502,775
14000US36061001600,1166
14000US36061001800,1577
14000US36061002000,2084
14000US36061002100,79
14000US36061002201,2089
14000US36061002202,464
14000US36061002400,2519
14000US36061002500,2616
14000US36061002601,1176
14000US36061002602,607
14000US36061002700,293
14000US36061002800,1133
14000US36061002901,39
14000US36061002902,1347
14000US36061003001,788
14000US36061003002,560
14000US36061003100,161
14000US36061003200,1298
14000US36061003300,56
14000US36061003400,2092
14000US36061003601,518
14000US36061003602,717
14000US36061003700,125
14000US36061003800,1037
14000US36061003900,215
14000US36061004001,237
14000US36061004002,686
14000US36061004100,1109
14000US36061004200,298
14000US36061004300,587
14000US36061004400,2379
14000US36061004500,85
14000US36061004700,123
14000US36061004800,347
14000US36061004900,431
14000US36061005000,223
14000US36061005200,115
14000US36061005400,278
14000US36061005501,351
14000US36061005502,224
14000US36061005600,735
14000US36061005700,74
14000US36061005800,491
14000US36061005900,186
14000US36061006000,110
14000US36061006100,103
14000US36061006200,804
14000US36061006300,353
14000US36061006400,1006
14000US36061006500,363
14000US36061006600,1189
14000US36061006700,168
14000US36061006800,728
14000US36061006900,114
14000US36061007001,299
14000US36061007002,287
14000US36061007100,360
14000US36061007200,363
14000US36061007300,397
14000US36061007400,211
14000US36061007500,180
14000US36061007600,248
14000US36061007700,419
14000US36061007800,546
14000US36061007900,471
14000US36061008000,177
14000US36061008100,376
14000US36061008200,177
14000US36061008300,828
14000US36061008400,181
14000US36061008601,368
14000US36061008602,0
14000US36061008603,120
14000US36061008700,663
14000US36061008800,184
14000US36061008900,550
14000US36061009000,900
14000US36061009100,894
14000US36061009200,44
14000US36061009300,918
14000US36061009400,0
14000US36061009500,139
14000US36061009600,0
14000US36061009700,641
14000US36061009800,836
14000US36061009901,121
14000US36061009902,71
14000US36061009903,104
14000US36061010000,95
14000US36061010100,217
14000US36061010200,25
14000US36061010300,254
14000US36061010400,79
14000US36061010601,227
14000US36061010602,121
14000US36061010801,71
14000US36061010802,170
14000US36061010803,47
14000US36061010900,43
14000US36061011000,343
14000US36061011100,449
14000US36061011201,38
14000US36061011202,14
14000US36061011203,25
14000US36061011300,54
14000US36061011401,59
14000US36061011402,86
14000US36061011500,616
14000US36061011600,290
14000US36061011700,217
14000US36061011800,634
14000US36061011900,495
14000US36061012000,258
14000US36061012101,629
14000US36061012102,452
14000US36061012200,99
14000US36061012400,362
14000US36061012500,300
14000US36061012601,445
14000US36061012602,342
14000US36061012700,932
14000US36061012800,400
14000US36061012901,541
14000US36061012902,385
14000US36061013000,44
14000US36061013100,285
14000US36061013201,156
14000US36061013202,238
14000US36061013203,173
14000US36061013300,881
14000US36061013400,1318
14000US36061013501,806
14000US36061013502,1242
14000US36061013601,130
14000US36061013602,111
14000US36061013603,14
14000US36061013604,297
14000US36061013700,432
14000US36061013800,818
14000US36061013900,815
14000US36061014000,344
14000US36061014200,268
14000US36061014300,0
14000US36061014401,131
14000US36061014402,159
14000US36061014500,380
14000US36061014601,439
14000US36061014602,492
14000US36061014700,168
14000US36061014801,69
14000US36061014802,526
14000US36061014900,586
14000US36061015001,94
14000US36061015002,138
14000US36061015101,454
14000US36061015102,1368
14000US36061015200,1194
14000US36061015301,183
14000US36061015302,165
14000US36061015401,203
14000US36061015402,69
14000US36061015403,475
14000US36061015501,239
14000US36061015502,409
14000US36061015601,474
14000US36061015602,667
14000US36061015700,570
14000US36061015801,160
14000US36061015802,311
14000US36061015900,564
14000US36061016001,96
14000US36061016002,113
14000US36061016100,406
14000US36061016200,2877
14000US36061016300,225
14000US36061016400,3054
14000US36061016500,630
14000US36061016600,1790
14000US36061016700,559
14000US36061016800,1992
14000US36061016900,859
14000US36061017000,1455
14000US36061017100,1006
14000US36061017200,1389
14000US36061017300,606
14000US36061017401,1521
14000US36061017402,607
14000US36061017500,351
14000US36061017700,905
14000US36061017800,933
14000US36061017900,737
14000US36061018000,2744
14000US36061018100,687
14000US36061018200,2608
14000US36061018300,634
14000US36061018400,2268
14000US36061018500,337
14000US36061018600,2261
14000US36061018700,894
14000US36061018800,1824
14000US36061018900,4006
14000US36061019000,744
14000US36061019100,791
14000US36061019200,1957
14000US36061019300,2194
14000US36061019400,2238
14000US36061019500,951
14000US36061019600,1522
14000US36061019701,190
14000US36061019702,457
14000US36061019800,163
14000US36061019900,1247
14000US36061020000,318
14000US36061020101,67
14000US36061020102,576
14000US36061020300,283
14000US36061020500,167
14000US36061020600,843
14000US36061020701,580
14000US36061020800,979
14000US36061020901,1147
14000US36061021000,2554
14000US36061021100,2011
14000US36061021200,501
14000US36061021303,1148
14000US36061021400,355
14000US36061021500,965
14000US36061021600,1877
14000US36061021703,0
14000US36061021800,1092
14000US36061021900,2879
14000US36061022000,1112
14000US36061022102,159
14000US36061022200,837
14000US36061022301,1315
14000US36061022302,925
14000US36061022400,2410
14000US36061022500,2652
14000US36061022600,1185
14000US36061022700,1463
14000US36061022800,1174
14000US36061022900,2386
14000US36061023000,2384
14000US36061023100,1659
14000US36061023200,3343
14000US36061023300,1232
14000US36061023400,1369
14000US36061023501,1162
14000US36061023502,383
14000US36061023600,1392
14000US36061023700,2070
14000US36061023802,491
14000US36061023803,174
14000US36061023804,243
14000US36061023900,525
14000US36061024000,1162
14000US36061024100,1237
14000US36061024200,1373
14000US36061024301,716
14000US36061024302,3342
14000US36061024500,2937
14000US36061024700,1179
14000US36061024900,188
14000US36061025100,855
14000US36061025300,2254
14000US36061025500,1288
14000US36061025700,428
14000US36061025900,423
14000US36061026100,2666
14000US36061026300,2253
14000US36061026500,767
14000US36061026700,215
14000US36061026900,1808
14000US36061027100,1522
14000US36061027300,295
14000US36061027500,160
14000US36061027700,2385
14000US36061027900,2217
14000US36061028100,118
14000US36061028300,1220
14000US36061028500,1796
14000US36061028700,557
14000US36061029100,2863
14000US36061029300,1717
14000US36061029500,628
14000US36061029700,0
14000US36061029900,1209
14000US36061030300,404
14000US36061030700,386
14000US36061030900,3921
14000US36061031100,0
14000US36061031703,171
14000US36061031704,479
14000US36061031900,0
14000US36081000101,84
14000US36081000102,80
14000US36081000103,0
14000US36081000104,147
14000US36081000200,298
14000US36081000400,397
14000US36081000600,498
14000US36081000701,37
14000US36081000702,174
14000US36081000800,170
14000US36081001000,408
14000US36081001200,212
14000US36081001400,310
14000US36081001600,73
14000US36081001800,373
14000US36081001901,20
14000US36081001902,351
14000US36081001903,156
14000US36081002000,130
14000US36081002200,251
14000US36081002400,272
14000US36081002500,2305
14000US36081002600,76
14000US36081002800,349
14000US36081003000,192
14000US36081003100,106
14000US36081003200,555
14000US36081003301,176
14000US36081003302,252
14000US36081003400,573
14000US36081003600,314
14000US36081003700,0
14000US36081003800,430
14000US36081003900,107
14000US36081004001,287
14000US36081004002,156
14000US36081004200,458
14000US36081004300,775
14000US36081004401,885
14000US36081004500,199
14000US36081004700,498
14000US36081005000,0
14000US36081005100,191
14000US36081005200,272
14000US36081005300,449
14000US36081005400,827
14000US36081005500,96
14000US36081005700,668
14000US36081005800,841
14000US36081005900,194
14000US36081006100,365
14000US36081006201,429
14000US36081006202,1227
14000US36081006300,638
14000US36081006501,331
14000US36081006502,759
14000US36081006900,517
14000US36081007100,299
14000US36081007300,398
14000US36081007500,489
14000US36081007700,346
14000US36081007900,613
14000US36081008100,119
14000US36081008300,160
14000US36081008500,291
14000US36081008600,314
14000US36081008700,1494
14000US36081008800,348
14000US36081009100,168
14000US36081009400,504
14000US36081009500,156
14000US36081009600,241
14000US36081009700,329
14000US36081009800,254
14000US36081009900,0
14000US36081010000,378
14000US36081010100,164
14000US36081010200,345
14000US36081010300,612
14000US36081010400,176
14000US36081010500,878
14000US36081010600,333
14000US36081010701,0
14000US36081010800,497
14000US36081011000,199
14000US36081011100,258
14000US36081011200,302
14000US36081011300,360
14000US36081011400,155
14000US36081011500,121
14000US36081011600,308
14000US36081011700,369
14000US36081011800,339
14000US36081011900,109
14000US36081012000,371
14000US36081012100,125
14000US36081012200,487
14000US36081012301,256
14000US36081012400,240
14000US36081012500,43
14000US36081012601,207
14000US36081012602,286
14000US36081012800,219
14000US36081013000,273
14000US36081013200,339
14000US36081013400,598
14000US36081013500,87
14000US36081013600,125
14000US36081013700,59
14000US36081013800,307
14000US36081014000,174
14000US36081014100,186
14000US36081014201,828
14000US36081014202,393
14000US36081014300,522
14000US36081014400,453
14000US36081014500,263
14000US36081014700,220
14000US36081014800,270
14000US36081014900,48
14000US36081015000,340
14000US36081015100,183
14000US36081015200,404
14000US36081015300,176
14000US36081015400,184
14000US36081015500,93
14000US36081015600,424
14000US36081015700,113
14000US36081015801,528
14000US36081015802,208
14000US36081015900,344
14000US36081016100,184
14000US36081016300,784
14000US36081016400,326
14000US36081016600,429
14000US36081016800,510
14000US36081016900,401
14000US36081017000,439
14000US36081017101,0
14000US36081017102,18
14000US36081017200,321
14000US36081017400,174
14000US36081017600,334
14000US36081017800,148
14000US36081017901,413
14000US36081017902,5
14000US36081018000,284
14000US36081018101,584
14000US36081018102,232
14000US36081018200,430
14000US36081018300,404
14000US36081018401,289
14000US36081018402,269
14000US36081018501,346
14000US36081018502,146
14000US36081018600,73
14000US36081018700,237
14000US36081018800,217
14000US36081018900,210
14000US36081019000,176
14000US36081019200,92
14000US36081019400,272
14000US36081019600,512
14000US36081019800,262
14000US36081019901,15
14000US36081019902,0
14000US36081019903,0
14000US36081020200,82
14000US36081020400,409
14000US36081020500,191
14000US36081020600,141
14000US36081020800,278
14000US36081021200,813
14000US36081021400,1795
14000US36081021601,174
14000US36081021602,292
14000US36081021603,0
14000US36081021900,0
14000US36081022001,831
14000US36081022002,762
14000US36081022900,0
14000US36081023000,194
14000US36081023200,668
14000US36081023501,540
14000US36081023502,284
14000US36081023600,458
14000US36081023800,839
14000US36081024000,1257
14000US36081024300,238
14000US36081024500,351
14000US36081024600,0
14000US36081024700,120
14000US36081024900,648
14000US36081025100,349
14000US36081025301,321
14000US36081025302,393
14000US36081025401,564
14000US36081025402,732
14000US36081025500,121
14000US36081025700,116
14000US36081025800,286
14000US36081025900,395
14000US36081026000,217
14000US36081026100,626
14000US36081026200,127
14000US36081026300,178
14000US36081026400,307
14000US36081026501,490
14000US36081026502,59
14000US36081026600,375
14000US36081026700,717
14000US36081026901,358
14000US36081026902,442
14000US36081027000,85
14000US36081027101,717
14000US36081027102,188
14000US36081027200,119
14000US36081027301,765
14000US36081027302,885
14000US36081027400,310
14000US36081027500,970
14000US36081027600,58
14000US36081027701,585
14000US36081027702,399
14000US36081027800,612
14000US36081027900,622
14000US36081028000,81
14000US36081028100,819
14000US36081028200,194
14000US36081028300,1154
14000US36081028400,166
14000US36081028500,464
14000US36081028700,1253
14000US36081028801,86
14000US36081028802,155
14000US36081028803,0
14000US36081028900,434
14000US36081029100,359
14000US36081029300,54
14000US36081029400,499
14000US36081029500,293
14000US36081029700,103
14000US36081029900,0
14000US36081030600,582
14000US36081030903,282
14000US36081030904,233
14000US36081030905,451
14000US36081030906,360
14000US36081031700,131
14000US36081032000,547
14000US36081032700,648
14000US36081032800,163
14000US36081032900,285
14000US36081033000,489
14000US36081033100,0
14000US36081033401,319
14000US36081033403,402
14000US36081033404,551
14000US36081033405,52
14000US36081033700,69
14000US36081033900,614
14000US36081034700,355
14000US36081035100,389
14000US36081035200,243
14000US36081035300,317
14000US36081035700,520
14000US36081035800,372
14000US36081036100,248
14000US36081036300,199
14000US36081036500,492
14000US36081036600,285
14000US36081036700,369
14000US36081036800,220
14000US36081037100,96
14000US36081037300,319
14000US36081037501,346
14000US36081037502,355
14000US36081037600,397
14000US36081037700,480
14000US36081037900,984
14000US36081038100,1158
14000US36081038301,0
14000US36081038302,0
14000US36081038400,116
14000US36081039400,517
14000US36081039800,141
14000US36081039901,55
14000US36081039902,390
14000US36081040000,89
14000US36081040101,355
14000US36081040102,662
14000US36081040200,86
14000US36081040301,489
14000US36081040302,657
14000US36081040400,441
14000US36081040501,120
14000US36081040502,172
14000US36081040701,818
14000US36081040702,862
14000US36081040901,214
14000US36081040902,513
14000US36081041100,645
14000US36081041300,1382
14000US36081041400,727
14000US36081041500,678
14000US36081042400,171
14000US36081042600,113
14000US36081042700,1192
14000US36081043200,79
14000US36081043400,128
14000US36081043701,544
14000US36081043702,1204
14000US36081043900,881
14000US36081044000,448
14000US36081044301,1154
14000US36081044302,521
14000US36081044400,793
14000US36081044601,423
14000US36081044602,1581
14000US36081044800,655
14000US36081045000,193
14000US36081045200,112
14000US36081045400,717
14000US36081045500,2760
14000US36081045600,191
14000US36081045700,437
14000US36081045800,50
14000US36081045900,372
14000US36081046000,558
14000US36081046100,299
14000US36081046200,606
14000US36081046300,434
14000US36081046400,178
14000US36081046500,411
14000US36081046600,391
14000US36081046700,649
14000US36081046800,430
14000US36081046901,529
14000US36081046902,494
14000US36081047000,533
14000US36081047100,617
14000US36081047200,68
14000US36081047300,402
14000US36081047500,472
14000US36081047600,55
14000US36081047801,476
14000US36081047802,51
14000US36081047900,915
14000US36081048000,110
14000US36081048100,754
14000US36081048200,115
14000US36081048301,370
14000US36081048302,144
14000US36081048400,306
14000US36081048500,381
14000US36081048900,162
14000US36081049201,133
14000US36081049202,686
14000US36081049301,252
14000US36081049302,466
14000US36081049500,98
14000US36081049600,241
14000US36081049700,54
14000US36081049900,329
14000US36081050000,482
14000US36081050201,141
14000US36081050202,108
14000US36081050400,185
14000US36081050500,163
14000US36081050600,128
14000US36081050700,459
14000US36081050800,241
14000US36081051000,239
14000US36081051100,103
14000US36081051200,136
14000US36081051300,314
14000US36081051500,193
14000US36081051600,267
14000US36081051700,136
14000US36081051800,186
14000US36081052000,85
14000US36081052100,215
14000US36081052200,142
14000US36081052400,303
14000US36081052500,230
14000US36081052600,130
14000US36081052800,58
14000US36081053000,43
14000US36081053100,259
14000US36081053200,167
14000US36081053401,62
14000US36081053501,108
14000US36081053502,0
14000US36081053601,346
14000US36081053800,202
14000US36081053901,298
14000US36081053902,0
14000US36081054000,661
14000US36081054200,442
14000US36081054500,545
14000US36081054700,443
14000US36081054800,177
14000US36081054900,703
14000US36081055100,536
14000US36081055200,187
14000US36081055300,405
14000US36081055400,240
14000US36081055500,315
14000US36081055600,162
14000US36081055700,399
14000US36081055800,195
14000US36081055900,271
14000US36081056000,8
14000US36081056100,0
14000US36081056200,92
14000US36081056400,76
14000US36081056500,118
14000US36081056600,303
14000US36081056700,142
14000US36081056800,106
14000US36081057700,705
14000US36081057900,158
14000US36081058000,277
14000US36081058100,221
14000US36081058200,206
14000US36081058300,82
14000US36081058500,505
14000US36081058700,161
14000US36081058900,1078
14000US36081059000,52
14000US36081059100,317
14000US36081059200,133
14000US36081059300,527
14000US36081059400,22
14000US36081059501,303
14000US36081059502,607
14000US36081059600,92
14000US36081059800,35
14000US36081059900,232
14000US36081060000,17
14000US36081060100,324
14000US36081060300,328
14000US36081060600,112
14000US36081060701,0
14000US36081060800,74
14000US36081061000,51
14000US36081061200,5
14000US36081061301,533
14000US36081061302,0
14000US36081061400,82
14000US36081061601,75
14000US36081061602,33
14000US36081061800,173
14000US36081061900,129
14000US36081062000,98
14000US36081062100,181
14000US36081062200,126
14000US36081062300,267
14000US36081062400,0
14000US36081062500,175
14000US36081062600,243
14000US36081062700,183
14000US36081062900,91
14000US36081063000,38
14000US36081063200,83
14000US36081063301,99
14000US36081063302,49
14000US36081063500,506
14000US36081063700,278
14000US36081063800,167
14000US36081063900,193
14000US36081064101,137
14000US36081064102,0
14000US36081064500,471
14000US36081064600,119
14000US36081065000,186
14000US36081065401,137
14000US36081065402,0
14000US36081065501,0
14000US36081065600,307
14000US36081065702,149
14000US36081065703,111
14000US36081065900,34
14000US36081066000,181
14000US36081066100,25
14000US36081066301,38
14000US36081066302,0
14000US36081066401,55
14000US36081066402,196
14000US36081066403,1004
14000US36081066404,0
14000US36081066501,248
14000US36081066701,265
14000US36081066900,36
14000US36081067100,90
14000US36081067700,54
14000US36081067900,429
14000US36081068000,278
14000US36081068200,56
14000US36081068300,485
14000US36081068700,335
14000US36081069000,168
14000US36081069300,224
14000US36081069400,395
14000US36081069500,291
14000US36081069701,538
14000US36081069702,322
14000US36081070300,118
14000US36081070700,87
14000US36081070900,149
14000US36081071100,267
14000US36081071303,445
14000US36081071304,818
14000US36081071305,245
14000US36081071306,333
14000US36081071600,0
14000US36081071701,796
14000US36081071702,610
14000US36081071900,364
14000US36081072100,713
14000US36081072300,162
14000US36081072900,18
14000US36081073100,29
14000US36081073700,119
14000US36081073900,273
14000US36081074100,240
14000US36081074300,354
14000US36081074500,667
14000US36081074700,196
14000US36081074900,47
14000US36081075701,226
14000US36081075702,510
14000US36081076901,196
14000US36081076902,82
14000US36081077300,123
14000US36081077500,171
14000US36081077902,508
14000US36081077903,298
14000US36081077904,216
14000US36081077905,140
14000US36081077906,201
14000US36081077907,1202
14000US36081077908,707
14000US36081078800,56
14000US36081079000,99
14000US36081079200,311
14000US36081079300,0
14000US36081079701,1804
14000US36081079702,1153
14000US36081079900,1050
14000US36081080301,269
14000US36081080302,260
14000US36081080900,883
14000US36081081400,604
14000US36081081800,338
14000US36081083700,466
14000US36081083800,157
14000US36081084000,521
14000US36081084500,1314
14000US36081084601,205
14000US36081084602,196
14000US36081084901,1037
14000US36081084902,1686
14000US36081085300,1142
14000US36081085500,952
14000US36081085700,936
14000US36081085900,970
14000US36081086100,485
14000US36081086300,1502
14000US36081086400,473
14000US36081086500,862
14000US36081086900,224
14000US36081087100,678
14000US36081088400,649
14000US36081088902,758
14000US36081088903,630
14000US36081089201,498
14000US36081089202,0
14000US36081090700,262
14000US36081091602,0
14000US36081091603,144
14000US36081091604,0
14000US36081091800,0
14000US36081091900,570
14000US36081092200,53
14000US36081092500,622
14000US36081092800,96
14000US36081092900,264
14000US36081093401,278
14000US36081093402,430
14000US36081093800,928
14000US36081093900,417
14000US36081094201,342
14000US36081094202,1277
14000US36081094203,763
14000US36081094500,237
14000US36081094700,253
14000US36081095400,921
14000US36081096400,731
14000US36081097202,1514
14000US36081097204,291
14000US36081097205,1394
14000US36081097206,1213
14000US36081097207,0
14000US36081097300,40
14000US36081098100,134
14000US36081098700,145
14000US36081099100,300
14000US36081099200,1160
14000US36081099701,175
14000US36081099703,101
14000US36081099704,437
14000US36081099705,81
14000US36081099801,332
14000US36081099802,1624
14000US36081099900,0
14000US36081100801,139
14000US36081100803,1100
14000US36081100804,321
14000US36081101002,1099
14000US36081101003,426
14000US36081101004,1218
14000US36081101700,320
14000US36081102900,56
14000US36081103201,1847
14000US36081103202,1267
14000US36081103300,310
14000US36081103900,741
14000US36081104700,432
14000US36081105900,237
14000US36081107201,244
14000US36081107202,0
14000US36081108500,148
14000US36081109300,268
14000US36081109700,37
14000US36081109900,323
14000US36081111300,251
14000US36081112300,151
14000US36081112900,52
14000US36081113300,69
14000US36081113900,373
14000US36081114100,100
14000US36081114700,112
14000US36081115100,23
14000US36081115500,301
14000US36081115700,480
14000US36081115900,950
14000US36081116100,1024
14000US36081116301,1306
14000US36081116302,1345
14000US36081116700,563
14000US36081117100,307
14000US36081117500,395
14000US36081118100,334
14000US36081118500,271
14000US36081118700,262
14000US36081118900,230
14000US36081119100,400
14000US36081119300,261
14000US36081119500,104
14000US36081119900,132
14000US36081120100,203
14000US36081120300,194
14000US36081120500,875
14000US36081120701,114
14000US36081120702,0
14000US36081121100,0
14000US36081121500,683
14000US36081122300,201
14000US36081122702,2209
14000US36081122703,313
14000US36081122704,234
14000US36081124100,400
14000US36081124700,420
14000US36081125700,462
14000US36081126500,216
14000US36081126700,850
14000US36081127700,28
14000US36081128300,0
14000US36081129102,55
14000US36081129103,304
14000US36081129104,161
14000US36081130100,83
14000US36081133300,293
14000US36081133900,132
14000US36081134100,372
14000US36081134701,827
14000US36081134702,508
14000US36081136700,533
14000US36081137700,587
14000US36081138501,305
14000US36081138502,6
14000US36081139900,72
14000US36081140300,112
14000US36081140901,30
14000US36081140902,215
14000US36081141700,900
14000US36081142900,112
14000US36081143500,56
14000US36081144100,293
14000US36081144700,520
14000US36081145101,98
14000US36081145102,188
14000US36081145900,188
14000US36081146300,178
14000US36081146700,187
14000US36081147100,237
14000US36081147900,418
14000US36081148300,129
14000US36081150701,49
14000US36081150702,89
14000US36081152901,744
14000US36081152902,263
14000US36081155101,202
14000US36081155103,464
14000US36081155104,307
14000US36081156700,423
14000US36081157101,331
14000US36081157102,172
14000US36081157901,608
14000US36081157902,59
14000US36081157903,256
14000US36081161700,406
14000US36081162100,634
14000US36081990100,0